# taxid,chr,startpos,endpos,taxid,chr,startpos,endpos
# Zebrafish vs Mouse,,,,,,,
7955,2,30454838,30601395,10090,1,4847775,5592947
7955,2,29960685,30039129,10090,1,16632846,17087879
7955,2,47633036,47499389,10090,1,78097842,78704318
7955,2,47709966,47804182,10090,1,79603451,80337005
7955,2,45216123,44607413,10090,1,94830985,95202447
7955,2,27158609,27242823,10090,1,111880314,112035578
7955,2,6179990,6253261,10090,1,146091799,146622551
7955,2,20753362,20662891,10090,1,151676752,152240185
7955,2,22849650,22753914,10090,1,153191628,153566477
7955,2,35797060,35601433,10090,1,154684125,155179916
7955,2,35572494,35453697,10090,1,159065314,159342726
7955,2,34098698,35315017,10090,1,160175400,162131317
7955,2,58399310,58109730,10090,1,173319091,174012880
7955,2,4190333,4307017,10090,11,16652206,16813910
7955,2,3427761,3908363,10090,11,58997357,59271570
7955,2,50454934,50548408,10090,13,14318705,14615493
7955,2,37864076,38074482,10090,14,55050441,55248393
7955,2,28125521,28270289,10090,15,12737932,13103394
7955,2,28710608,28831724,10090,15,21041207,21519288
7955,2,21531256,21430651,10090,15,26470214,26825319
7955,2,42877208,42965590,10090,15,64530597,64753858
7955,2,42973778,43225067,10090,15,65618603,66332472
7955,2,4756725,4618691,10090,16,32608982,32683579
7955,2,55277425,54979658,10090,17,66428135,66869010
7955,2,29324952,29407657,10090,17,70774132,71170753
7955,2,11555478,11703651,10090,18,10325177,10706694
7955,2,29510665,29607830,10090,2,20211540,20732162
7955,2,54307209,54402863,10090,2,157563137,157717639
7955,2,25701777,25526627,10090,3,27270273,27609361
7955,2,25708726,25993197,10090,3,27837602,28697768
7955,2,37168764,37060580,10090,3,30798217,31021499
7955,2,44024479,44100199,10090,3,86882514,86978669
7955,2,45437780,45719248,10090,3,108394196,108714622
7955,2,15979786,15814591,10090,3,109143601,109488612
7955,2,18933712,18777641,10090,3,116621180,117392424
7955,2,17988791,18292829,10090,3,118265096,119486306
7955,2,14921353,15115218,10090,3,121426455,121882979
7955,2,23053276,23128419,10090,3,142428211,142544968
7955,2,8433648,9273881,10090,3,151873422,153388097
7955,2,27804686,27725640,10090,4,3476188,3718759
7955,2,11299996,11440025,10090,4,4060683,4720453
7955,2,21901778,21779472,10090,4,6614533,6917870
7955,2,21675050,21562193,10090,4,8068640,8793957
7955,2,10874219,10669712,10090,4,106406520,106850971
7955,2,5591077,5682065,10090,4,107640939,107791104
7955,2,27478631,27723869,10090,4,116393560,116666980
7955,2,33789893,33688108,10090,4,116692013,116787436
7955,2,32564515,33405077,10090,4,116924594,117559934
7955,2,17088952,17599781,10090,4,117604758,117964002
7955,2,12940442,12848941,10090,5,24368553,24606460
7955,2,12425161,12198703,10090,5,27143897,28054040
7955,2,10668929,10309936,10090,5,107393341,108661970
7955,2,43306139,43430816,10090,8,129587956,130136186
7955,2,16417594,16515517,10090,9,95855179,96083372
7955,2,39288267,39463255,10090,9,96843901,97011460
7955,2,39253455,38767404,10090,9,97344814,98311847
7955,2,24788976,24889606,10090,9,100544042,100935294
7955,2,46805910,46498776,10090,9,101824458,102257023
7955,7,22974928,21174807,10090,11,69210018,70043300
7955,7,41515835,41892055,10090,12,117445523,118516640
7955,7,61306673,60934339,10090,19,4510472,4621752
7955,7,13752130,14189791,10090,19,10057193,10599699
7955,7,65546920,65407824,10090,2,13948458,14253650
7955,7,44357585,44246802,10090,2,16277949,16673742
7955,7,40749735,40290073,10090,2,91570295,91864327
7955,7,28050771,27970142,10090,2,93482591,93662725
7955,7,51256150,51365506,10090,2,102289523,102932806
7955,7,16588098,16799176,10090,2,105226105,105744657
7955,7,33476927,33236843,10090,2,108932457,109741094
7955,7,33704064,33791125,10090,2,109757804,109854414
7955,7,54408828,54216921,10090,2,120996942,121176749
7955,7,58784160,58864283,10090,3,122432076,122562292
7955,7,72471385,72607562,10090,3,122636519,122939067
7955,7,72354607,72254548,10090,3,138405159,138738163
7955,7,25524223,25419006,10090,4,58055668,58219468
7955,7,65671962,65585322,10090,4,86394459,86476071
7955,7,19994259,20096062,10090,4,87415829,87679311
7955,7,43832125,43613639,10090,5,28168487,28793641
7955,7,42131631,41976561,10090,5,29524546,30002617
7955,7,25672512,25558208,10090,5,34240828,34512073
7955,7,41144255,41072657,10090,5,36807834,36928875
7955,7,73134618,73888357,10090,5,51845488,52581758
7955,7,62723152,63081632,10090,5,53947018,54512296
7955,7,64101216,64233688,10090,5,58109260,58523479
7955,7,61530628,61643442,10090,5,64040342,64201785
7955,7,65826998,65728515,10090,6,82896916,82983465
7955,7,26860857,26491385,10090,6,83958584,84543902
7955,7,39732793,39657465,10090,7,35971404,36103459
7955,7,39741813,39919393,10090,7,36119256,36251018
7955,7,48124546,47573290,10090,7,38264128,39056367
7955,7,17280340,17372368,10090,7,56044373,56136411
7955,7,17871550,18023057,10090,7,57014476,57214863
7955,7,32061981,32251537,10090,7,71432556,71898764
7955,7,10071587,10717577,10090,7,73205222,73859542
7955,7,51852844,52088616,10090,7,87488023,87833763
7955,7,13733481,12880712,10090,7,89408638,90020086
7955,7,12422819,11513143,10090,7,90780527,91754452
7955,7,29111081,29947400,10090,7,116154394,117009193
7955,7,66964862,67034995,10090,7,117115701,117198628
7955,7,69069755,68683113,10090,7,117451527,118125609
7955,7,68581352,67917250,10090,7,119369404,120512853
7955,7,29010592,28817515,10090,7,121190296,121706486
7955,7,28575259,28151103,10090,7,122614858,123684102
7955,7,40779808,40853089,10090,7,149628373,149701914
7955,7,50012830,50122143,10090,7,150293159,150646955
7955,7,55011305,54577321,10090,7,151764228,152125830
7955,7,8525968,8339962,10090,8,62984921,63462108
7955,7,44487091,44628817,10090,8,87784291,88051457
7955,7,43539670,43175226,10090,8,88241456,88584541
7955,7,39311493,38769437,10090,8,90661784,91568061
7955,7,37810596,36806434,10090,8,93647398,95525566
7955,7,42389664,42291146,10090,8,101552669,101940357
7955,7,45587260,45958886,10090,8,106750591,107165628
7955,7,36666527,36249509,10090,8,107996325,108660874
7955,7,70493881,70686038,10090,8,111238544,111485536
7955,7,42976333,43115744,10090,8,116222037,116372739
7955,7,56455800,57408726,10090,8,124978106,125391297
7955,7,57669467,57415526,10090,8,125407221,125621651
7955,7,55234837,55569461,10090,9,58722486,58884248
7955,7,58094144,58349740,10090,9,59582066,59776673
7955,7,35164334,34510798,10090,9,60642355,62631786
7955,7,33043343,32766652,10090,9,64949302,65128412
7955,7,14465302,14355360,10090,9,65308744,65427841
7955,7,55924877,56069928,10090,9,65676733,65756601
7955,7,55106638,55218751,10090,9,65756817,65892821
7955,7,30608217,30526049,10090,9,66198257,66356582
7955,7,31280870,30967717,10090,9,67064892,67843441
7955,7,32059460,31618872,10090,9,70055157,71333790
7955,7,53845046,54206633,10090,9,71352154,72211578
7955,7,53082196,52927886,10090,X,99044724,99287394
7955,7,53088995,53204522,10090,X,99380282,99839585
7955,7,52375617,52648383,10090,X,137599946,138123778
7955,23,6283708,6364164,10090,1,136543258,136645994
7955,23,5244742,5412619,10090,1,136859154,137001853
7955,23,33106684,32793166,10090,1,196446023,196643063
7955,23,40148050,40237380,10090,10,19868726,20001396
7955,23,32067612,31835108,10090,10,20844736,22451253
7955,23,25738801,25974633,10090,10,126975213,127058204
7955,23,32200962,32324518,10090,10,128254513,128349878
7955,23,35700496,35556318,10090,12,31269308,31596477
7955,23,25734045,24899085,10090,15,99147653,99288179
7955,23,27767332,27599359,10090,15,99800505,100049904
7955,23,33847159,33943223,10090,15,100310001,100451192
7955,23,27004238,27393455,10090,15,100520346,100884830
7955,23,10355854,10692905,10090,15,101827142,101946832
7955,23,36033383,36405650,10090,15,102537208,103130296
7955,23,7664674,7806440,10090,2,153053505,153159126
7955,23,17516969,17182172,10090,2,153233197,153513466
7955,23,14920211,15049091,10090,2,156698658,156817847
7955,23,2812298,2890238,10090,2,160557046,160698726
7955,23,26083695,26263995,10090,2,163294439,163575913
7955,23,15314866,15441212,10090,2,165898589,165981156
7955,23,4121579,3517306,10090,2,167123944,167341666
7955,23,39448156,38910732,10090,2,168087198,168781087
7955,23,6472221,6682916,10090,2,172695187,172860235
7955,23,9615429,9875589,10090,2,179854071,179960564
7955,23,22100941,22199592,10090,4,136209523,136391850
7955,23,37576849,37189013,10090,4,137869324,138281166
7955,23,21226606,21151977,10090,4,139293996,139388883
7955,23,21925684,21815650,10090,4,140070400,140279135
7955,23,24830272,24426961,10090,4,140542788,140813477
7955,23,21957884,22057740,10090,4,144482730,144780495
7955,23,29247479,29045899,10090,4,148178501,148494759
7955,23,29624333,29817636,10090,4,148524094,148870777
7955,23,29994622,29826120,10090,4,148892350,149022008
7955,23,29999492,30117021,10090,4,149023277,149148376
7955,23,22790565,23220637,10090,4,149270392,149996075
7955,23,30244785,30966174,10090,4,150294264,151363095
7955,23,37188292,36966083,10090,4,155238832,155333713
7955,23,45665341,45396634,10090,5,137462889,138028709
7955,23,2116601,1948540,10090,6,65621605,65886371
7955,23,34496541,34358972,10090,6,89333140,89545646
7955,23,35198114,35029402,10090,6,90412620,90596406
7955,23,11112954,11263179,10090,6,102113300,102414661
7955,23,11480396,11554975,10090,6,103460870,103683029
7955,23,31483974,31662308,10090,9,82723413,83493899
7955,23,20339885,20126680,10090,X,70728974,70816344
7955,23,28737093,28956874,10090,X,148237825,148496516
7955,24,36727536,36848265,10090,1,8352742,9289811
7955,24,19432132,19938011,10090,1,10314808,11965982
7955,24,20245676,20141316,10090,1,12856630,12981216
7955,24,14360236,12893860,10090,1,13103509,16609367
7955,24,14617933,14788939,10090,1,17135454,17756288
7955,24,19220025,19036699,10090,1,107560438,107744558
7955,24,3860972,3547093,10090,13,8202155,8891642
7955,24,27868283,28126592,10090,13,9093151,9764454
7955,24,11593735,11302107,10090,13,15555556,15821859
7955,24,3334882,3420385,10090,13,16949306,17786599
7955,24,10071920,9696581,10090,13,18216794,18958680
7955,24,2676590,2553748,10090,13,36209280,36826323
7955,24,7974762,8307832,10090,13,38437585,39052744
7955,24,8521272,8688060,10090,13,40811044,41315772
7955,24,21979407,22077735,10090,14,60266578,60705671
7955,24,34847156,34959328,10090,15,28133521,28401800
7955,24,23258168,22629626,10090,15,30102348,31383444
7955,24,17096111,17255506,10090,15,32174568,32626096
7955,24,10594128,10822957,10090,15,63760649,64214481
7955,24,21577810,21867397,10090,16,43762355,44558983
7955,24,25701245,25794840,10090,16,45746346,46010526
7955,24,39326502,38842181,10090,17,25236514,25379744
7955,24,41240424,40607366,10090,17,25967581,26102450
7955,24,43441938,43587908,10090,17,67980305,68353448
7955,24,4527958,4450856,10090,18,9212854,9450148
7955,24,37402716,37284112,10090,18,21708878,22329897
7955,24,36025382,35832742,10090,18,35278566,35414429
7955,24,3160546,3241719,10090,18,84889634,85049255
7955,24,15183434,14841338,10090,18,89037272,89938528
7955,24,33157198,33398137,10090,2,12998636,13504453
7955,24,17685348,17816340,10090,2,17965714,18608256
7955,24,17673306,17590928,10090,2,18763883,19316597
7955,24,6597411,6809062,10090,2,20769546,21126992
7955,24,6584590,5976513,10090,2,21289194,23011544
7955,24,41431672,41351604,10090,2,112106471,112203320
7955,24,23931362,23810493,10090,3,5218554,5576239
7955,24,25309968,25457068,10090,3,19032144,19595396
7955,24,29889548,29608830,10090,3,113307985,114828174
7955,24,31088362,31170430,10090,4,19207997,19497251
7955,24,35029171,35438473,10090,5,23924060,24032666
7955,24,7700784,7435366,10090,5,24728711,25211615
7955,24,28585492,28418738,10090,5,84483786,84846407
7955,24,22122535,22416733,10090,5,147043251,148537564
7955,24,18993834,18835532,10090,6,43295006,43616174
7955,24,18447476,17883870,10090,6,45010060,47763511
7955,24,1331261,1125926,10090,8,130882973,131257479
7955,24,3425234,3497579,10090,9,100395422,100471504
7955,24,21025298,20933899,10090,9,118980645,119066211
7955,24,20614588,20801306,10090,9,119102092,119249158
7955,24,42994135,42911603,10090,9,119266499,119342633
7955,24,21416663,21252617,10090,9,121551834,121665959
7955,24,24550562,24449629,10090,X,90531985,90877494
7955,24,26254377,25985340,10090,X,153596618,154481042
7955,24,24879577,24791700,10090,X,155694052,155801417
7955,24,26590916,26699281,10090,X,156065340,156413849
7955,20,15897505,16196883,10090,1,158608702,158869757
7955,20,15190613,14973690,10090,1,163170243,163718626
7955,20,14599298,14920051,10090,1,163746243,164529209
7955,20,34532104,33973248,10090,1,165315040,166079876
7955,20,35111201,35229621,10090,1,181891220,182095733
7955,20,38543835,38347153,10090,1,182095369,182413635
7955,20,36258813,36651632,10090,1,183282759,184062546
7955,20,37957863,37819286,10090,1,192752424,193007212
7955,20,13224184,12935441,10090,1,193175860,193445570
7955,20,13697814,13912781,10090,1,193541903,193812163
7955,20,4178673,4283801,10090,10,3134304,3460176
7955,20,26092554,26450305,10090,10,4739752,6080212
7955,20,31336776,31523208,10090,10,7924551,8605868
7955,20,31768901,32157433,10090,10,9347057,10802129
7955,20,37793911,37290561,10090,10,13243648,14490362
7955,20,36942278,36836976,10090,10,17443034,17743058
7955,20,3119813,3039826,10090,10,19654332,19862556
7955,20,25254885,25373097,10090,10,23943323,24318489
7955,20,13435784,13318059,10090,10,24361217,24431908
7955,20,2612754,2085737,10090,10,24589792,26638454
7955,20,1606141,1435667,10090,10,27794626,28706112
7955,20,39614524,40351621,10090,10,30552165,33344406
7955,20,573415,462524,10090,10,33871199,34331038
7955,20,239656,416783,10090,10,38685647,39285187
7955,20,53751803,53656668,10090,10,40552699,40658375
7955,20,32157467,32615584,10090,10,41239306,42680588
7955,20,42565884,41052768,10090,10,51397566,53795602
7955,20,40872596,40746894,10090,10,55734099,56110225
7955,20,40518939,40369154,10090,10,57206191,57531636
7955,20,33338241,33214071,10090,12,12942899,13255980
7955,20,30516590,30599893,10090,12,30213249,30608074
7955,20,21982203,21888229,10090,12,72932065,73093354
7955,20,9653103,9747690,10090,12,80398269,80915677
7955,20,28957809,28887668,10090,12,81891546,82069066
7955,20,28724028,28435030,10090,12,83271003,84938097
7955,20,6009026,6131075,10090,12,92236932,92778949
7955,20,10674973,10541121,10090,12,106270899,106726651
7955,20,18465444,18786109,10090,12,112531183,112784964
7955,20,43949452,43825785,10090,12,112812721,112894438
7955,20,20885786,20803187,10090,12,113066669,113146266
7955,20,27426175,26969464,10090,12,113738395,114067600
7955,20,21547778,20973951,10090,12,114146801,114238832
7955,20,26739061,26852022,10090,13,31911455,32430413
7955,20,9864825,9957160,10090,14,45607786,45968746
7955,20,19268058,18873685,10090,14,63991674,64439248
7955,20,39070771,38934986,10090,14,64741462,65074740
7955,20,39392704,39285317,10090,14,66424748,66600382
7955,20,5093864,4869659,10090,17,4995074,5753891
7955,20,42691984,42596888,10090,17,12875272,12962572
7955,20,43377748,43154739,10090,17,13897548,14042801
7955,20,36131834,35474890,10090,17,42452896,43767248
7955,20,39244203,39078170,10090,17,43804374,44176465
7955,20,38141098,38057287,10090,17,73843091,74059791
7955,20,17865155,17786021,10090,18,16747386,16967558
7955,20,29235570,29446547,10090,2,112219368,112870488
7955,20,29077604,28986248,10090,2,117937658,118199155
7955,20,28274902,28381959,10090,2,119151520,119303365
7955,20,45871788,46014737,10090,2,132354819,132771772
7955,20,34895125,34980651,10090,2,136358057,136608164
7955,20,24992645,24850577,10090,4,28740295,28894649
7955,20,1215219,925721,10090,4,33118400,34035806
7955,20,8597049,8144622,10090,4,104040165,104905372
7955,20,31234382,31098800,10090,5,30669351,30786460
7955,20,23459832,22469344,10090,5,73305556,75473918
7955,20,22349704,22202472,10090,5,76329290,76733573
7955,20,25908195,25647723,10090,5,76958348,77396530
7955,20,14236078,14061834,10090,8,14095875,14847687
7955,20,23724673,23819066,10090,8,63702968,63874869
7955,20,4135640,3902765,10090,8,127195227,127413957
7955,16,3241442,3411485,10090,1,187911611,188529871
7955,16,9598874,9963417,10090,11,11714104,12364963
7955,16,824806,565653,10090,13,72095680,72771642
7955,16,56581107,56452412,10090,13,73956776,74098343
7955,16,45608110,45531299,10090,14,15535539,15632457
7955,16,22282117,22143594,10090,14,32420412,32643601
7955,16,56147791,56371157,10090,15,37897083,38622199
7955,16,47508893,47134748,10090,15,38944420,39689016
7955,16,46824040,46672294,10090,15,40486588,40936138
7955,16,41120304,41395344,10090,15,42852341,43359323
7955,16,51486520,51604825,10090,15,51618109,51697007
7955,16,11144021,11048800,10090,15,54402921,54903707
7955,16,16867027,17558354,10090,15,54907656,55738504
7955,16,33898184,33822956,10090,15,66502332,66754761
7955,16,33040836,33237847,10090,15,73035535,73537935
7955,16,23637296,23820930,10090,17,35818512,36126407
7955,16,52801175,52908675,10090,17,51875512,51972615
7955,16,29101762,29349179,10090,18,24263262,24445317
7955,16,20917939,20566584,10090,18,24867946,25292002
7955,16,33037000,32879645,10090,18,68092911,68588913
7955,16,30750012,30827567,10090,2,3035660,3258269
7955,16,30599569,30498342,10090,2,12268891,12341087
7955,16,15980605,15775161,10090,3,88724725,88905867
7955,16,25838201,25957928,10090,3,89324086,89476416
7955,16,41012327,40905195,10090,3,94985688,95085998
7955,16,10761131,10885570,10090,3,95634545,95708562
7955,16,48995104,49260507,10090,3,95908450,95999106
7955,16,43092391,43175283,10090,4,10915809,11003351
7955,16,28931295,29071418,10090,4,11413105,11893597
7955,16,35069745,34874291,10090,4,21604627,22415278
7955,16,29444177,29771331,10090,4,47482705,48486294
7955,16,54559833,54707287,10090,4,126017922,126145665
7955,16,36602962,36702455,10090,4,131887838,131978361
7955,16,18071328,18171753,10090,5,3690000,3803109
7955,16,57441012,57619665,10090,5,4753839,5380251
7955,16,26896258,27577115,10090,6,5214624,5978039
7955,16,50512336,50422438,10090,6,8159227,8728484
7955,16,19639281,19364152,10090,6,42215038,42308394
7955,16,23525652,23299159,10090,6,50157402,50406169
7955,16,23062131,22890363,10090,6,51809164,52716774
7955,16,22604865,22355552,10090,6,53823373,54595817
7955,16,14861290,14635130,10090,7,3303658,3415366
7955,16,13305941,12544915,10090,7,25794868,26004878
7955,16,47717019,48123514,10090,7,31426014,31900309
7955,16,8174724,8284671,10090,9,22280159,22692724
7955,16,6377204,5963963,10090,9,83728296,84017847
7955,16,5860644,5715059,10090,9,85214046,86358523
7955,16,40629427,40556977,10090,9,87039141,87150367
7955,16,42171681,42525637,10090,9,115996813,117539031
7955,16,58602564,58776496,10090,9,117949617,118059198
7955,16,7458779,7044457,10090,9,120842518,121384037
7955,16,9462184,9024695,10090,9,121890724,122745450
7955,16,3444733,3574967,10090,9,123060064,123371782
7955,13,27602747,27844705,10090,1,21388484,21952023
7955,13,28125368,28489495,10090,1,23373263,24012479
7955,13,39787398,38699963,10090,1,24017597,25886552
7955,13,23506505,23612024,10090,1,32229651,32714583
7955,13,23712187,23836216,10090,1,33510656,33726603
7955,13,10549224,11286063,10090,1,178663784,180182729
7955,13,32067613,32162091,10090,1,194723501,194956445
7955,13,33019615,32865142,10090,10,42722306,43235223
7955,13,4326425,4646323,10090,10,58866433,59326871
7955,13,30259009,30357269,10090,10,59342339,59596662
7955,13,43736648,43415175,10090,10,59766022,60159238
7955,13,23066329,23235222,10090,10,61648144,62041205
7955,13,18552956,18228066,10090,10,62122170,62409242
7955,13,51233689,51348681,10090,10,62578543,62871570
7955,13,42199243,41782750,10090,10,73284615,74112482
7955,13,942599,1013072,10090,11,16871209,17135203
7955,13,5167330,5245946,10090,11,18780431,18918683
7955,13,24626318,24748435,10090,11,20101605,20553026
7955,13,26048235,26149114,10090,11,23762646,24073558
7955,13,26927838,27023076,10090,11,26287084,26493920
7955,13,33122649,33031021,10090,12,16901784,17006924
7955,13,37041405,37392746,10090,12,70684748,72003221
7955,13,31648936,31972566,10090,12,73312739,74879172
7955,13,37699873,37917115,10090,12,75998204,76836716
7955,13,36598377,36968118,10090,12,82298902,82633894
7955,13,36536022,36455589,10090,12,82961017,83101911
7955,13,15636631,15851706,10090,12,112907566,113044986
7955,13,51144498,50724867,10090,13,13449887,14155668
7955,13,17778447,16391899,10090,14,22650783,25065142
7955,13,30730383,30869496,10090,14,26278778,26588342
7955,13,29515705,29648056,10090,14,33015157,33278036
7955,13,22855314,22561363,10090,14,35050219,35413328
7955,13,9533752,9425931,10090,17,7183209,7507664
7955,13,4023088,4275299,10090,17,8503968,9179513
7955,13,3126774,3044126,10090,17,11033250,12256227
7955,13,36166809,36246563,10090,17,12312150,12511526
7955,13,42796606,42664266,10090,17,79733365,80114381
7955,13,7644680,7716533,10090,17,80247732,80689816
7955,13,8347942,8213883,10090,17,84230694,85021482
7955,13,10533486,9589579,10090,17,85057574,86544515
7955,13,43183636,42962796,10090,19,37000569,37409034
7955,13,23450350,23341448,10090,19,40366530,40588302
7955,13,427046,510211,10090,19,41674747,41818346
7955,13,41326467,41038730,10090,19,42829686,43749371
7955,13,8988285,9125315,10090,19,45005609,45077885
7955,13,6655268,6491154,10090,19,46227048,46361000
7955,13,28803996,28913286,10090,19,46673596,47125335
7955,13,25648176,24966614,10090,19,47206722,47810078
7955,13,20521783,20670504,10090,19,58311182,58627575
7955,13,19744995,19928441,10090,19,59978787,60302600
7955,13,48015636,47469822,10090,2,127680364,128513131
7955,13,48083414,48816499,10090,2,128524733,128844299
7955,13,13783564,13554735,10090,2,130509844,130665846
7955,13,13867336,14040442,10090,2,130732232,130856065
7955,13,35703435,35560813,10090,2,136699516,136942067
7955,13,35079459,34913107,10090,2,139319656,139892521
7955,13,27380655,27517684,10090,2,145068347,145713352
7955,13,12670249,12854267,10090,3,36762028,36951955
7955,13,46190692,46088622,10090,4,134358674,134483285
7955,13,13155627,12863008,10090,5,34064373,34240615
7955,13,12071107,11864745,10090,5,71142286,71487088
7955,13,12169588,12320753,10090,5,72091255,72690010
7955,13,18171306,17800846,10090,6,116158051,116359558
7955,13,25695895,25790198,10090,7,135583291,135928350
7955,13,2681857,2474196,10090,7,136400608,136779252
7955,13,46909744,47163923,10090,7,137305965,137663475
7955,13,24903526,24802998,10090,7,147164840,147302322
7955,13,24603159,24212343,10090,8,126177829,127093607
7955,13,23938370,23858707,10090,8,128275408,128471339
7955,13,52105009,52297587,10090,9,72510154,72820874
7955,13,1771230,1891500,10090,9,76011909,76393611
7955,13,2034078,2220565,10090,9,77278630,77956860
7955,13,43326986,43255387,10090,9,111020615,111174112
7955,13,49132114,49034379,10090,9,118415436,118491637
7955,11,34186949,34390113,10090,1,101669342,102382519
7955,11,21971239,22427601,10090,1,132916422,133436449
7955,11,39788284,39706009,10090,1,133807035,133922261
7955,11,24902458,24262176,10090,1,134406002,135219603
7955,11,34760349,34901808,10090,10,76058501,76188789
7955,11,13827696,14880377,10090,10,79422897,79652755
7955,11,44015227,44104542,10090,11,29643051,29926033
7955,11,12349302,12146172,10090,11,97067168,97259856
7955,11,28388117,28579675,10090,13,48673241,48966254
7955,11,43397689,43183426,10090,14,8650471,8889069
7955,11,5318707,5548152,10090,14,12386067,13074553
7955,11,20479745,19922711,10090,14,13174406,14953418
7955,11,43412417,43799989,10090,14,27232661,27920472
7955,11,38332289,38230861,10090,14,28435628,29291723
7955,11,37634341,37872058,10090,14,30853125,31387908
7955,11,4086049,3972281,10090,14,31764674,31934778
7955,11,33535501,33390694,10090,14,84843370,84936867
7955,11,35239943,35315355,10090,16,30955589,31081518
7955,11,23149250,22743953,10090,17,47873986,48061581
7955,11,10914862,10722719,10090,2,61549751,62164800
7955,11,25123721,25264875,10090,2,152219347,152460927
7955,11,1475045,1388020,10090,2,177853680,178073197
7955,11,20746636,21820579,10090,2,179177183,179711351
7955,11,9675962,10037914,10090,3,25330763,26230831
7955,11,25503006,25614851,10090,3,103379204,103541924
7955,11,37256489,37183786,10090,3,107998689,108082870
7955,11,8325007,8192703,10090,3,146244337,146645714
7955,11,7882217,7773930,10090,3,148478550,148617599
7955,11,27303108,27167277,10090,4,119091138,119301724
7955,11,42944035,43067703,10090,4,138866659,139205606
7955,11,29512218,29959015,10090,4,139518088,139802726
7955,11,42796933,42658202,10090,4,151764853,151851588
7955,11,27640820,28377297,10090,6,90609592,91361363
7955,11,19506334,19293457,10090,6,93625449,94233898
7955,11,16601600,18302600,10090,6,94450308,97155636
7955,11,36881338,36585707,10090,6,108015040,108773717
7955,11,1011632,725077,10090,6,114232629,114987892
7955,11,6168119,5980431,10090,8,73898018,74000334
7955,11,7383230,7295431,10090,8,75089097,75238645
7955,11,31693397,32083431,10090,8,86939263,87223707
7955,11,35427992,36277980,10090,9,107157258,107852022
7955,11,30962892,30876268,10090,X,158274200,158597722
7955,11,30871798,30786042,10090,X,160577274,160840579
7955,5,14039346,14670511,10090,11,3863978,3976619
7955,5,12816213,12897177,10090,11,4665851,4749530
7955,5,26486984,26676513,10090,11,4954134,5052225
7955,5,17907478,17718234,10090,11,5176332,5425875
7955,5,66001217,65786718,10090,11,61890599,62094897
7955,5,43496834,43678769,10090,11,62130192,62352763
7955,5,60728352,60810126,10090,11,70658265,70783475
7955,5,32598764,33070336,10090,11,72311658,72855575
7955,5,62278717,62566190,10090,11,82202402,82704117
7955,5,64646282,64850287,10090,11,83108147,83242957
7955,5,57821446,57528242,10090,11,84008940,84633017
7955,5,4150251,3945258,10090,11,84634230,84729858
7955,5,3104386,2871891,10090,11,87430666,87549041
7955,5,56981112,57098793,10090,13,58493312,59231337
7955,5,46274474,46412711,10090,13,60703308,60864547
7955,5,52597474,52151212,10090,13,76197870,77171071
7955,5,50778746,50442538,10090,13,81022683,81892274
7955,5,49758231,49645944,10090,13,85329082,85429091
7955,5,48594307,48273052,10090,13,88961077,89462830
7955,5,53434604,53315188,10090,13,92020012,92127647
7955,5,53061321,52935138,10090,13,92981836,93124958
7955,5,47809141,47506569,10090,13,96371744,97312440
7955,5,36196468,36919701,10090,13,97907892,100286557
7955,5,54818497,55167993,10090,13,101466979,101603382
7955,5,42353743,42535879,10090,13,117088478,117814323
7955,5,45553516,45482120,10090,15,6249789,6390712
7955,5,28366425,27913572,10090,16,18300918,18407169
7955,5,16987424,16907331,10090,16,18498861,18587062
7955,5,70657132,70529667,10090,16,43247397,43619241
7955,5,58753358,58622993,10090,17,64245367,64681223
7955,5,57257543,57172460,10090,18,33098695,33355421
7955,5,27222730,27707881,10090,19,20447924,23064374
7955,5,56386245,56656694,10090,19,23377099,24105509
7955,5,46465016,46629698,10090,19,25311692,25753481
7955,5,46757516,46902718,10090,19,26679650,26852811
7955,5,75025566,74843216,10090,2,25983951,26203755
7955,5,68942894,68861074,10090,2,26917156,26997994
7955,5,31291004,31419251,10090,2,28496763,28910586
7955,5,34448934,34116967,10090,2,30255996,30678534
7955,5,500760,1227093,10090,2,31325790,31473039
7955,5,36025661,36193400,10090,2,31742801,31828962
7955,5,33444207,33331099,10090,2,32270007,32439299
7955,5,34483262,35078857,10090,2,32780740,32942724
7955,5,4742792,5211639,10090,2,33071481,33743466
7955,5,35443363,35229857,10090,2,35413978,35835144
7955,5,8671417,8559160,10090,3,141903568,142058630
7955,5,21001424,21079577,10090,4,43280031,43386703
7955,5,67819841,67690154,10090,4,62876446,62996025
7955,5,67372057,67181571,10090,4,64785208,65018543
7955,5,74367593,74456994,10090,4,68422406,68615431
7955,5,33228615,33117957,10090,4,70092961,70195962
7955,5,47487956,46941599,10090,5,89316285,90312359
7955,5,40386938,40771429,10090,5,96504756,97540615
7955,5,40992222,41411508,10090,5,98313707,99681946
7955,5,9463872,10090741,10090,5,108862272,109058758
7955,5,20790039,20709067,10090,5,110605720,110698918
7955,5,22374131,21909262,10090,5,114062364,114572933
7955,5,21120436,21736272,10090,5,114615527,115255830
7955,5,17613239,17122083,10090,5,116858504,117737573
7955,5,13789234,13188827,10090,5,117769275,118403822
7955,5,12900476,13048595,10090,5,118426779,118713123
7955,5,72762979,72834302,10090,5,124566117,124928244
7955,5,29953323,30023884,10090,5,125205455,125314678
7955,5,20694863,20215049,10090,5,125921938,126272953
7955,5,64424434,64508316,10090,5,134575618,134705495
7955,5,3590793,3465033,10090,5,136363789,136450346
7955,5,31848085,31770303,10090,9,30706740,30883470
7955,5,66377181,66485905,10090,9,42137705,42280309
7955,5,60165246,60538790,10090,9,42771925,42924653
7955,5,32066215,32155663,10090,9,44494391,44575891
7955,5,39581409,39488267,10090,9,44850427,45155664
7955,5,58979569,59275718,10090,9,50559177,50927805
7955,5,23079895,23318286,10090,X,39885568,40627963
7955,5,23724245,23957365,10090,X,92244283,93363892
7955,5,38015786,38138138,10090,X,97016408,97711464
7955,8,53586444,53857038,10090,1,36392575,36604046
7955,8,38223794,38607937,10090,1,135247251,135944854
7955,8,19926030,20007258,10090,1,153731654,153937450
7955,8,15345401,15227493,10090,1,156239649,156573050
7955,8,14898223,15121557,10090,1,157405250,157820385
7955,8,31467961,31792489,10090,10,74674818,75384359
7955,8,4133166,4231384,10090,11,4380871,4494818
7955,8,31164478,30704055,10090,13,63116294,64190509
7955,8,32878886,33202667,10090,13,107584519,107726995
7955,8,17245786,17605595,10090,13,108834668,111191052
7955,8,7220902,7395237,10090,14,68369985,68551629
7955,8,44634832,44099926,10090,14,71174188,71379645
7955,8,32283625,32666503,10090,15,3220767,4105344
7955,8,1951887,2034391,10090,16,17331464,17430919
7955,8,4776395,4984936,10090,16,18620412,18835354
7955,8,24564785,24713658,10090,17,28369699,28885350
7955,8,24929787,24769590,10090,17,29293466,29374735
7955,8,10914660,10805411,10090,17,29627990,29743753
7955,8,20918768,20788502,10090,17,33661169,33744709
7955,8,291696,205735,10090,18,47404908,47528522
7955,8,54214245,54369808,10090,19,16030263,16855417
7955,8,11472661,11382774,10090,19,24369286,24630317
7955,8,31342659,31173943,10090,19,24752751,25276922
7955,8,12505597,12297076,10090,2,29202356,29595883
7955,8,33364202,33505704,10090,2,31101443,31316258
7955,8,33762668,33962244,10090,2,32992493,33226998
7955,8,35171223,35256697,10090,2,34532487,34610752
7955,8,43320596,43553423,10090,2,38787500,38920926
7955,8,45087406,44981986,10090,2,131818586,131970844
7955,8,29321021,29443537,10090,2,151822247,151974833
7955,8,26278635,26419290,10090,2,166391845,166539332
7955,8,23971344,23830247,10090,2,180639082,181333852
7955,8,19940517,20157810,10090,3,97705150,97954290
7955,8,11594899,11750264,10090,3,102877937,103162691
7955,8,28675958,29127194,10090,3,104804833,105604254
7955,8,25567676,26150871,10090,3,107038449,107701603
7955,8,15679281,15503957,10090,3,122122698,122322585
7955,8,18388625,18506949,10090,3,153636400,154756342
7955,8,18563694,18710148,10090,4,107107324,107307664
7955,8,17078585,16544988,10090,4,108952880,110024516
7955,8,20442142,20206672,10090,4,114079329,114598618
7955,8,27553981,27645571,10090,4,141586908,141795316
7955,8,50104881,49988392,10090,4,147247704,147321423
7955,8,49244667,48914399,10090,4,151494985,151645964
7955,8,51195663,50625035,10090,4,153430358,154010982
7955,8,17915328,18291155,10090,4,154528184,154735500
7955,8,55321415,55174542,10090,4,154759088,154933378
7955,8,4244841,4599034,10090,5,122310225,122774290
7955,8,12287522,12159602,10090,5,122872453,123064527
7955,8,42137964,42330063,10090,5,123237468,123480461
7955,8,45136613,45617582,10090,5,125314802,125659584
7955,8,46195595,46121569,10090,5,129266276,129459237
7955,8,46205363,46320416,10090,5,129602625,129710474
7955,8,29572741,29652650,10090,6,61130319,62332857
7955,8,29748731,30500455,10090,6,63206851,65066043
7955,8,54386022,54508714,10090,6,72576374,72738950
7955,8,30699678,30622921,10090,8,23587172,23680088
7955,8,2644826,2435980,10090,8,23738591,23893320
7955,8,27093431,26887566,10090,9,108474644,108551711
7955,8,23543912,23471447,10090,X,148578811,148659779
7955,22,12937919,13065034,10090,1,52176282,52784162
7955,22,39415900,39543696,10090,1,88051355,88203880
7955,22,12082970,12520644,10090,1,129101563,130134312
7955,22,483411,575185,10090,1,134212715,134287858
7955,22,22708585,23086877,10090,1,138164700,138857025
7955,22,24703748,24979988,10090,1,139959438,140744156
7955,22,24518184,24354001,10090,1,140860286,141273653
7955,22,23740892,23574564,10090,1,145487827,145654596
7955,22,21858277,21639371,10090,10,79002990,79100663
7955,22,21158610,21034970,10090,10,80217951,80292035
7955,22,10649317,10535667,10090,13,49516680,49774384
7955,22,42023346,42110545,10090,14,28051225,28321646
7955,22,15152452,15426221,10090,15,78500433,78603875
7955,22,31649433,32027160,10090,15,79654328,79845238
7955,22,23329430,23419105,10090,16,25960409,26105870
7955,22,32736951,33048207,10090,19,53214935,53450300
7955,22,32612547,32273263,10090,19,53603808,54123472
7955,22,40597387,40333599,10090,3,33699117,34551383
7955,22,17219447,16791954,10090,4,97248634,98386294
7955,22,16106165,16767301,10090,4,114672723,114744360
7955,22,11038021,11163298,10090,8,3150922,3279617
7955,22,3832871,4309918,10090,8,4259731,4526079
7955,22,18709742,18543762,10090,8,72404265,72520278
7955,22,18052354,18438197,10090,8,72607428,72691387
7955,22,15866772,16103195,10090,8,74743629,74945373
7955,22,10817023,10725222,10090,9,106342382,106691544
7955,22,35040698,34626866,10090,9,106789746,107134240
7955,22,11310388,11233637,10090,X,11613863,12194177
7955,10,7777017,7679246,10090,1,99717671,99992209
7955,10,6859939,6938339,10090,11,3394275,3814667
7955,10,46223109,46297891,10090,11,5869645,6100454
7955,10,5224939,4967917,10090,11,54530917,54674093
7955,10,38406003,38167545,10090,11,77590767,77792550
7955,10,38590644,38513147,10090,11,78828303,78959856
7955,10,38602096,38727869,10090,11,79153394,79395111
7955,10,28842078,28991094,10090,11,86298159,86505959
7955,10,34407819,33617971,10090,11,86922763,87217997
7955,10,5601822,5237746,10090,13,52599744,53472730
7955,10,45175629,45067585,10090,13,83643033,83806684
7955,10,44772965,44591093,10090,13,89680241,90254526
7955,10,44553561,44264518,10090,13,91074954,91947301
7955,10,11806249,11360424,10090,13,104969178,105628739
7955,10,7318385,7177822,10090,13,113591000,113759395
7955,10,9177201,9095633,10090,13,114584716,114947669
7955,10,8931530,8821473,10090,13,115748287,115892172
7955,10,19023156,18909076,10090,14,67421701,67691266
7955,10,20435533,20214087,10090,14,70097111,70689256
7955,10,37719941,37791209,10090,15,8241225,8394463
7955,10,29152088,29266217,10090,16,50191957,50432502
7955,10,29270182,29411399,10090,16,52031662,52208160
7955,10,24480079,24676842,10090,16,70314332,70569961
7955,10,39609850,39537312,10090,16,77014314,77117025
7955,10,25963452,26196166,10090,16,87483570,88290503
7955,10,40298483,40115941,10090,16,96813686,97392342
7955,10,1772482,1921518,10090,18,33955981,34481844
7955,10,17622533,17704565,10090,18,45719808,45845537
7955,10,16035483,16292925,10090,18,56685390,58106475
7955,10,14569017,14462997,10090,18,77182854,77286035
7955,10,587515,677344,10090,19,27836211,28754567
7955,10,10573014,10353326,10090,2,27021027,27102332
7955,10,9510479,9395535,10090,2,35891854,36045804
7955,10,9803182,9982296,10090,2,37425388,37502805
7955,10,32906129,32993054,10090,3,52845469,53065601
7955,10,26746217,26582602,10090,3,53317860,53667729
7955,10,36070853,35960986,10090,3,54497027,54719809
7955,10,4721564,4922024,10090,4,57581154,57909856
7955,10,13142776,13048113,10090,4,58298834,58387175
7955,10,11004160,11294697,10090,4,59202422,59796727
7955,10,16928967,17015419,10090,5,33206370,33505348
7955,10,45922531,45780762,10090,5,113339498,113444534
7955,10,43291824,43387691,10090,5,123487136,123618639
7955,10,27818197,28373493,10090,5,131913552,133018213
7955,10,36176441,36336318,10090,5,135845823,136211195
7955,10,22989543,23062288,10090,5,138046335,138619915
7955,10,34923597,35061729,10090,5,151062505,152453783
7955,10,6269393,6717917,10090,6,86315677,86683372
7955,10,42567606,42340049,10090,6,86686834,87285769
7955,10,29879176,30456444,10090,7,97278742,99597599
7955,10,5853917,5984608,10090,8,32297804,33028675
7955,10,6081913,6234473,10090,8,34344845,34752448
7955,10,31797814,31630137,10090,9,27598854,28732643
7955,10,40840487,41202213,10090,9,34296316,34843889
7955,10,32032870,32587865,10090,9,36698567,37331750
7955,6,14202908,14084170,10090,1,37356738,37467581
7955,6,14880881,15143197,10090,1,42908078,43627363
7955,6,7810052,8062527,10090,1,59157437,59768354
7955,6,12936390,13694235,10090,1,74331608,74939709
7955,6,16160466,15662475,10090,1,91351386,92049976
7955,6,26583067,26817024,10090,1,95302517,95698511
7955,6,54819269,54666470,10090,1,137625774,137815601
7955,6,29001942,28897933,10090,1,166237806,166754397
7955,6,34881560,34694725,10090,1,171879668,172105077
7955,6,58675011,58877648,10090,10,126662751,126748842
7955,6,18518477,17967437,10090,11,67668025,68311348
7955,6,7469900,7575102,10090,11,68505417,68630126
7955,6,21724566,21613021,10090,11,116033202,116135531
7955,6,19654810,19563597,10090,11,119089886,119206689
7955,6,17426306,17679466,10090,11,119464309,119760905
7955,6,5079923,4769077,10090,14,93412920,94287951
7955,6,4435231,4244130,10090,14,104861537,105576544
7955,6,7308604,7166378,10090,14,118881914,119322389
7955,6,32397008,32531738,10090,15,75577273,75672338
7955,6,129499,586930,10090,15,79963584,80530855
7955,6,39843302,39670581,10090,15,97541450,97962878
7955,6,9296338,9198447,10090,16,14194620,14317425
7955,6,27924715,28628021,10090,16,23965138,25892174
7955,6,36743632,36238549,10090,16,29579428,30283340
7955,6,29575056,29823565,10090,16,31664125,31899106
7955,6,46920597,47186687,10090,17,27559332,27640249
7955,6,54129939,54303726,10090,17,27767374,27957487
7955,6,12371332,12291585,10090,2,57090089,57223130
7955,6,12187751,11692271,10090,2,58998907,60086442
7955,6,10487604,10360950,10090,2,62541003,63022344
7955,6,3678916,3852918,10090,2,70499566,71205611
7955,6,10652213,10739870,10090,2,72930858,73418363
7955,6,50155322,49877781,10090,2,154616846,154900233
7955,6,52290456,52596504,10090,2,155645573,155771100
7955,6,51500022,51722402,10090,2,156971629,157392097
7955,6,58199125,58305610,10090,2,158235589,158324989
7955,6,59811793,59376441,10090,2,158436494,158592070
7955,6,52033531,52185731,10090,2,163689617,163896838
7955,6,55968880,55881325,10090,2,165480798,165597131
7955,6,46444793,46526910,10090,2,166928878,167066037
7955,6,56048378,56151237,10090,2,172266078,172384122
7955,6,49503317,49712075,10090,2,173485346,173948203
7955,6,29100611,29287468,10090,3,32607468,33042004
7955,6,49099694,48993335,10090,3,102538693,102740023
7955,6,47470857,47784984,10090,3,103817182,104315779
7955,6,49307801,49410175,10090,3,106839080,106998639
7955,6,36891332,37351792,10090,3,156224758,157588027
7955,6,29827582,29924174,10090,3,157699667,158225185
7955,6,32103841,30381424,10090,4,98590501,102786904
7955,6,32774484,33623017,10090,4,115823123,116324256
7955,6,21414270,21030149,10090,5,105948490,106887185
7955,6,39996074,40652992,10090,6,88453601,88577439
7955,6,1656025,1161585,10090,6,88852245,89312607
7955,6,43182265,43364577,10090,6,97236861,97971352
7955,6,43533442,44333418,10090,6,98880084,101327891
7955,6,41934644,41486570,10090,6,112409499,112897260
7955,6,23539431,22887000,10090,6,113027633,113385749
7955,6,37572052,38443630,10090,7,63049518,65084172
7955,6,38557548,38720928,10090,7,65913572,66562097
7955,6,9545819,9435295,10090,9,21794315,21940190
7955,6,26022692,26268111,10090,9,99530014,99776589
7955,6,27222850,27584734,10090,9,102737250,103087600
7955,6,42950632,42276415,10090,9,108205289,108294860
7955,6,37570418,37427113,10090,X,19636696,20095022
7955,1,5082376,5357592,10090,1,63745401,64167963
7955,1,28899930,28984571,10090,1,72473686,72583138
7955,1,5033477,4291638,10090,1,75131789,75215828
7955,1,34318010,34230368,10090,14,99498652,99712631
7955,1,4283840,4173249,10090,14,105658021,106296036
7955,1,1831299,2055418,10090,14,120418807,121347268
7955,1,28743383,28898986,10090,14,122506304,123289166
7955,1,29071033,29298140,10090,16,21423191,21644753
7955,1,33865477,33601770,10090,16,59613147,60605357
7955,1,47602321,47496852,10090,16,91689702,91920824
7955,1,55240067,55498014,10090,19,41997470,42666746
7955,1,48328726,48473717,10090,19,48012202,48109869
7955,1,44621734,45046964,10090,2,84440938,84528372
7955,1,42153362,42364780,10090,2,131124224,131388021
7955,1,20116185,20192524,10090,3,80488858,80606713
7955,1,24699059,24595167,10090,3,81835926,82199190
7955,1,9411440,9127890,10090,3,82342305,82853712
7955,1,24353533,22850481,10090,3,83570243,86352205
7955,1,37154879,37045980,10090,3,86590073,86724803
7955,1,19051984,18885021,10090,3,125107009,125427904
7955,1,13118821,13048205,10090,3,126299891,126547972
7955,1,50321631,50454373,10090,3,130813389,131047841
7955,1,51035047,50458790,10090,3,131227732,132754704
7955,1,44245167,44068807,10090,3,134491971,135086397
7955,1,20716785,20560788,10090,4,44313789,44723312
7955,1,18561508,18344284,10090,4,45004114,45097476
7955,1,11473635,11554350,10090,4,45861819,46128904
7955,1,25980935,25706788,10090,4,84530231,85035284
7955,1,11316763,11387525,10090,5,35003028,35097952
7955,1,41755089,41137978,10090,5,35104389,36022431
7955,1,13168437,13249457,10090,5,37259809,37683372
7955,1,21450780,21577241,10090,5,44370099,44617845
7955,1,22558999,22682799,10090,5,48374394,48697017
7955,1,17545814,17317642,10090,5,64484189,65433140
7955,1,22017137,22191655,10090,5,65653091,66368725
7955,1,21931830,21719361,10090,5,81450618,82224755
7955,1,8366187,8934605,10090,5,140019852,140797506
7955,1,10966768,11059968,10090,5,141096532,141178332
7955,1,21057505,20837616,10090,6,72967600,73171625
7955,1,43161893,42662236,10090,6,76831631,77195511
7955,1,45847163,46024171,10090,6,135679813,136123529
7955,1,46134446,46326871,10090,8,3676477,4247897
7955,1,28320508,28198676,10090,8,9206010,9976323
7955,1,28159022,28071681,10090,8,10986961,11635754
7955,1,46946309,46773133,10090,8,12614277,12868728
7955,1,46991057,47091786,10090,8,12915893,13020509
7955,1,3800,286035,10090,8,13026034,13677587
7955,1,14350662,14523894,10090,8,38585608,39724562
7955,1,15135018,15222108,10090,8,41364520,41636488
7955,1,16118817,16264608,10090,8,46035562,46137611
7955,1,16654540,16335287,10090,8,46391156,47380025
7955,1,40221985,39942656,10090,8,49184446,49760044
7955,1,39270725,39130728,10090,8,55162886,55809721
7955,1,38918744,38755409,10090,8,58419622,59072736
7955,1,19403221,19751564,10090,8,65430243,67373716
7955,1,36796455,36382699,10090,8,79426407,80248351
7955,1,36146846,35664550,10090,8,80956908,81818855
7955,1,35317477,35203452,10090,8,83288333,83404378
7955,1,53449890,53903154,10090,8,84239099,85856385
7955,1,27654941,27762679,10090,X,82947276,83022158
7955,1,27991895,27890333,10090,X,162608412,162826965
7955,9,7123093,7254489,10090,1,37473930,37593104
7955,9,7032892,6957127,10090,1,40738557,40912112
7955,9,6418436,6296692,10090,1,43787447,43884553
7955,9,43680199,43769447,10090,1,44608516,45560127
7955,9,26089048,25954022,10090,1,46123583,46910354
7955,9,25445889,25282830,10090,1,50984367,51244114
7955,9,41947251,42161322,10090,1,52901890,53409543
7955,9,25234489,25157932,10090,1,53812356,54614526
7955,9,33143219,33376920,10090,1,54702184,55283626
7955,9,13235992,14148167,10090,1,59821481,60623609
7955,9,15173453,14643810,10090,1,61685398,62865266
7955,9,29288561,29173748,10090,1,64737919,65003398
7955,9,30354949,30155347,10090,1,65357831,65435818
7955,9,40046541,40189295,10090,1,66970869,67277022
7955,9,41619720,41869428,10090,1,70772289,71461484
7955,9,49076657,48918254,10090,1,74238359,74326163
7955,9,46673658,47141046,10090,1,93391245,94044970
7955,9,24441352,24658857,10090,1,117581714,118477251
7955,9,39210907,39343765,10090,1,120218420,120506039
7955,9,38349217,38019604,10090,1,120730638,121318825
7955,9,29904006,30072778,10090,1,121441610,121809745
7955,9,909591,830460,10090,1,121963954,122239751
7955,9,10673371,10552413,10090,1,131169881,132115855
7955,9,35120018,35198621,10090,1,167225897,167411345
7955,9,35323921,35245805,10090,1,167805603,168246963
7955,9,569722,642620,10090,10,75725794,75808007
7955,9,46609612,46029471,10090,10,76753472,77028419
7955,9,23499250,23651903,10090,12,38607292,39359997
7955,9,22522321,22293165,10090,14,57287085,58445000
7955,9,26289223,26116505,10090,14,75040647,75452339
7955,9,19202873,17955006,10090,14,77424008,79701442
7955,9,32096012,31923857,10090,14,98186066,98568762
7955,9,23009980,22927102,10090,14,102053184,102333910
7955,9,17289887,17902674,10090,14,103469433,104104019
7955,9,55336260,55102198,10090,14,118412012,118636252
7955,9,30531193,30372294,10090,14,119337154,120269037
7955,9,32531209,32948731,10090,14,123318197,125076349
7955,9,12681353,12870974,10090,16,21649118,22266002
7955,9,39554998,39759819,10090,16,33062607,33768281
7955,9,23710848,23781359,10090,16,33829751,33949424
7955,9,39095198,38393549,10090,16,35022507,35828548
7955,9,28449740,28753556,10090,16,37107393,37539855
7955,9,9953626,9662965,10090,16,37868486,38341946
7955,9,31276332,31018318,10090,16,56075522,57606980
7955,9,16914540,16828231,10090,16,63545044,63863983
7955,9,19923773,19542364,10090,16,64924555,65863311
7955,9,19985553,20565827,10090,17,31432428,31668271
7955,9,10239606,10370575,10090,2,23176766,23904899
7955,9,37747307,37315698,10090,2,40452293,42509118
7955,9,27023334,26874065,10090,2,43604344,44717142
7955,9,26477436,26381172,10090,2,48669629,49407129
7955,9,24250541,24104891,10090,2,49474834,50049084
7955,9,23797580,23951706,10090,2,51893633,52280394
7955,9,39182398,39095646,10090,2,52283840,52601183
7955,9,4862685,4681111,10090,2,52716902,53050221
7955,9,53163674,53006374,10090,2,60090050,60801261
7955,9,52607604,52494341,10090,2,62168130,62484312
7955,9,49984776,49110605,10090,2,68699614,69723661
7955,9,4032535,3695847,10090,2,69735303,70267252
7955,9,3278943,3482938,10090,2,71227317,71694815
7955,9,3148404,2760906,10090,2,71711329,72818503
7955,9,1670288,1354445,10090,2,75513576,76486051
7955,9,43801310,44717304,10090,2,76501091,77784240
7955,9,44871193,45650513,10090,2,78709204,79969569
7955,9,45964886,45780416,10090,2,80155623,80471818
7955,9,12310418,12183002,10090,2,81893815,82100036
7955,9,11952717,11873732,10090,2,83484735,83647073
7955,9,43433722,43557351,10090,2,84170783,84316932
7955,9,22197962,22068240,10090,3,98678442,99158183
7955,9,21905910,21110165,10090,3,99942103,101266983
7955,9,34140462,34042592,10090,3,101890433,102008616
7955,9,7822234,8164675,10090,8,10153923,10633950
7955,9,22569230,22758006,10090,8,11728105,12399555
7955,9,34300519,34393691,10090,X,12648624,13066439
7955,9,34618751,34835262,10090,X,16286407,18038400
7955,9,56310471,56096487,10090,X,162960939,163768460
7955,14,25220155,25099370,10090,11,31259441,31831577
7955,14,25760797,25491482,10090,11,34934958,35522009
7955,14,23175065,23364569,10090,11,42233259,43075787
7955,14,36109560,36404976,10090,11,44213565,44818677
7955,14,35071346,35152582,10090,11,46007360,46294757
7955,14,14067288,14159238,10090,11,50069136,50139175
7955,14,26996450,27186677,10090,11,55017842,55125759
7955,14,26944720,26827161,10090,11,55283254,55421292
7955,14,35364984,35219257,10090,11,56825193,57143746
7955,14,26586661,26515027,10090,13,54472713,54570201
7955,14,2057115,1959274,10090,13,57522556,58009693
7955,14,22661599,22334987,10090,18,34936662,35024610
7955,14,7732711,8216126,10090,18,35893332,36174369
7955,14,2723666,2805779,10090,18,37105861,37347311
7955,14,35693257,35953177,10090,18,61889916,62175373
7955,14,48932679,48724503,10090,19,7073448,7272552
7955,14,27728838,27805434,10090,19,9041531,9151409
7955,14,49053883,49155129,10090,3,51219938,51486597
7955,14,50201141,49939833,10090,3,75878520,76513927
7955,14,36952579,36787680,10090,3,80647526,81017953
7955,14,37446602,37565525,10090,3,128902836,129506948
7955,14,46812397,46631085,10090,4,35653896,36898777
7955,14,22200129,22125134,10090,5,33590372,33715943
7955,14,19055368,18741689,10090,5,33721345,33994955
7955,14,49620147,49768506,10090,5,44863372,45190946
7955,14,14579676,14827831,10090,5,67137079,67490365
7955,14,20013556,20140596,10090,6,71443888,71929354
7955,14,31281770,31149020,10090,8,41635513,42300510
7955,14,4355020,4226632,10090,8,47637423,48180249
7955,14,47312560,47420523,10090,9,66006033,66120049
7955,14,13095265,12650119,10090,X,38754481,39265078
7955,14,34832412,34500339,10090,X,45265633,45561879
7955,14,24481897,24079172,10090,X,46363699,46641419
7955,14,31845042,32389653,10090,X,48357089,50374837
7955,14,32436381,32732600,10090,X,53708016,54646213
7955,14,33054245,33128638,10090,X,56315327,56387613
7955,14,33314667,33490403,10090,X,57309133,57657156
7955,14,13783237,13711412,10090,X,73030993,73120509
7955,14,34243474,33904407,10090,X,97818245,98254978
7955,14,11501192,11152988,10090,X,101152506,101866403
7955,14,10961218,10855604,10090,X,102959816,103124711
7955,14,10704098,10796240,10090,X,104284674,104492108
7955,14,28346361,28163614,10090,X,117403936,118020059
7955,14,40638985,41180118,10090,X,126284278,126995733
7955,14,41607082,42041783,10090,X,130117399,130400116
7955,14,42863213,42393731,10090,X,130593888,130991112
7955,14,10570267,9916307,10090,X,133584133,135381494
7955,12,48745085,48864046,10090,1,176763916,177555766
7955,12,9636388,9229070,10090,10,66474256,67011703
7955,12,8300932,7870672,10090,10,69559869,70848633
7955,12,25501744,25587246,10090,11,30671775,31002704
7955,12,1584171,1490997,10090,11,59761716,59850341
7955,12,38540032,38204273,10090,11,63698195,64336337
7955,12,29915745,30085333,10090,11,80290548,80593527
7955,12,29637717,29160644,10090,11,94269705,94346624
7955,12,30429817,30165379,10090,11,96650450,97011026
7955,12,14633730,14756317,10090,11,100627646,100711899
7955,12,29159372,28857041,10090,11,101594270,101846084
7955,12,4026036,3907418,10090,11,105451300,105790618
7955,12,3448945,3531817,10090,11,109512263,109583570
7955,12,37292407,37400292,10090,11,110829347,110938139
7955,12,39001357,39193506,10090,11,113642104,113927265
7955,12,37556809,37632395,10090,11,114651983,114733931
7955,12,33476270,33682941,10090,11,115044146,115128557
7955,12,36888158,37050142,10090,11,117710551,117830680
7955,12,35689191,35615689,10090,11,118025480,118109906
7955,12,34639232,34101456,10090,11,118295167,118854155
7955,12,38070150,37879336,10090,11,119868627,119948141
7955,12,36481282,36884234,10090,11,119951836,120229487
7955,12,3585270,3669142,10090,11,120575267,120645518
7955,12,34681230,34791355,10090,11,120667272,120794186
7955,12,2666777,3241738,10090,14,33669942,34777402
7955,12,50004527,50075483,10090,14,117324537,118378751
7955,12,20504632,20754834,10090,16,11405741,11755565
7955,12,21028788,20889200,10090,16,11803814,12270997
7955,12,19594812,19484623,10090,17,24607418,24855002
7955,12,27167813,27296033,10090,17,86567125,87057259
7955,12,26677890,26412448,10090,17,87362451,88123053
7955,12,26338491,26245306,10090,17,88840052,89600015
7955,12,26143021,25854716,10090,17,90432984,91492142
7955,12,25070292,25355017,10090,18,4331325,5119291
7955,12,28535365,28193083,10090,18,5210029,6136096
7955,12,24311157,24837770,10090,18,6934964,7929025
7955,12,7151185,6785844,10090,19,30620366,32462944
7955,12,18546627,18269113,10090,19,32694495,33466785
7955,12,18226171,18109709,10090,19,34197039,34549625
7955,12,17523589,17355580,10090,19,36158206,36811094
7955,12,9841763,9708963,10090,19,37624908,37776026
7955,12,5742066,5497164,10090,19,38191110,38859595
7955,12,33395040,33303616,10090,19,43922457,44061010
7955,12,35390901,35485121,10090,19,46431370,46671391
7955,12,33219045,32668785,10090,19,55144224,56008145
7955,12,32019317,31414959,10090,19,56796862,58207833
7955,12,24077376,24164744,10090,5,36100529,36227628
7955,12,18671077,19130347,10090,5,144670870,145620642
7955,12,11541589,11461053,10090,7,127329898,128047515
7955,12,4624742,4750346,10090,7,133690425,133943961
7955,12,12755734,12458698,10090,7,137917583,138506212
7955,12,48087630,47985031,10090,7,139749158,140004879
7955,12,45930757,45858695,10090,7,140901016,141073215
7955,12,44141560,44349512,10090,7,144385354,144660277
7955,19,35426704,35252263,10090,13,20277294,20698394
7955,19,32953290,32814391,10090,13,24706479,24934022
7955,19,4278512,3938959,10090,13,41405285,42403358
7955,19,26456665,26864320,10090,13,44826272,45507309
7955,19,28074919,28459817,10090,13,68736316,69954972
7955,19,19646473,19365646,10090,14,18493474,19116517
7955,19,43376960,43526917,10090,15,27660404,27955603
7955,19,49182471,49096199,10090,15,32850478,32964476
7955,19,34289691,34182700,10090,15,34012474,35085561
7955,19,12600335,12912267,10090,15,36103772,37293324
7955,19,48676814,48862683,10090,15,41696839,42508341
7955,19,23214427,23483914,10090,15,44027681,44432716
7955,19,47137778,47286167,10090,15,50486303,50721587
7955,19,48286466,48172164,10090,15,52127108,53177738
7955,19,3351693,3644797,10090,15,76199328,76331402
7955,19,7847676,7728379,10090,17,34176382,34338399
7955,19,27215963,27934252,10090,17,35253140,35804537
7955,19,20783976,20929053,10090,17,50132632,51318674
7955,19,20977694,21204489,10090,17,52742088,53647003
7955,19,12972236,13051380,10090,18,67801253,67955141
7955,19,26258508,26184994,10090,18,80243634,80316379
7955,19,22787911,22570222,10090,18,80802944,81130797
7955,19,22407479,22180666,10090,18,82561888,83174706
7955,19,21895857,21283805,10090,18,84181019,84855025
7955,19,33201524,33287020,10090,3,9427010,9610085
7955,19,27159534,26910399,10090,3,90195310,90269788
7955,19,43849203,43937466,10090,3,95733180,95862378
7955,19,35066624,35147503,10090,4,13670449,13820796
7955,19,32650084,32797074,10090,4,14791366,15213900
7955,19,36228098,35859734,10090,4,46676770,47004586
7955,19,39936152,40016451,10090,4,120640922,120727930
7955,19,32129450,31767679,10090,4,122624093,122871942
7955,19,36567664,36909904,10090,4,122989888,123395429
7955,19,4660592,4805608,10090,4,125841326,125933563
7955,19,32130366,32252716,10090,4,128867039,129012614
7955,19,40373678,40022497,10090,4,129662408,129776521
7955,19,44586515,44781416,10090,4,129986022,130382233
7955,19,25377431,25567396,10090,4,132194961,132288461
7955,19,30883901,30798757,10090,4,133234923,133309526
7955,19,45408753,45317840,10090,4,135524140,135609286
7955,19,41211024,41308285,10090,5,3344312,3570548
7955,19,3118836,3026052,10090,5,23344762,23536501
7955,19,41340106,42120606,10090,6,3448393,5115661
7955,19,42373066,42444082,10090,6,6508275,6832068
7955,19,26012019,26163657,10090,6,6906018,7643182
7955,19,39719939,39875916,10090,6,11875881,12031198
7955,19,39390900,39169239,10090,6,12261608,12699253
7955,19,20752469,20544189,10090,6,48986517,50148597
7955,19,10307750,11030565,10090,6,122677827,122838959
7955,19,44319337,44440151,10090,9,113650591,113886320
7955,19,44285742,44211927,10090,9,113886076,114299830
7955,3,48293487,48107642,10090,1,142142834,142506838
7955,3,62721993,62812675,10090,11,60012591,60258779
7955,3,40157649,40051586,10090,11,60268119,60341871
7955,3,40200811,40270816,10090,11,60527651,60624767
7955,3,39690840,39595408,10090,11,61318674,61575590
7955,3,47453057,47346581,10090,11,67400038,67502494
7955,3,11800281,11876231,10090,11,90110790,90252231
7955,3,21101466,20644472,10090,11,95198332,95354724
7955,3,15341478,15414836,10090,11,95528271,95693454
7955,3,23384003,24061866,10090,11,95703609,96229567
7955,3,17737693,17191399,10090,11,100337670,100621092
7955,3,37130348,36854483,10090,11,100953471,101087764
7955,3,15922036,16033616,10090,11,102660792,102742289
7955,3,37737377,37553273,10090,11,103081078,103846650
7955,3,22365807,22249174,10090,11,104194543,104411934
7955,3,19552580,19700751,10090,11,104987739,105212459
7955,3,25371128,25522198,10090,11,106641670,106993236
7955,3,34646598,34350345,10090,11,117060975,117624753
7955,3,58397543,58579057,10090,11,118120967,118280366
7955,3,49381530,49649825,10090,11,121282687,121578703
7955,3,5725974,5875184,10090,15,77591019,77759424
7955,3,29996294,29865894,10090,15,77824053,77949710
7955,3,11182915,10971099,10090,16,4287545,4559720
7955,3,28226814,28137242,10090,16,5884886,7412573
7955,3,28102533,27757832,10090,16,8409369,8738435
7955,3,27424179,27178900,10090,16,9577803,10314061
7955,3,26039050,26204767,10090,16,10412031,10785629
7955,3,46192225,46401677,10090,16,13256574,13417622
7955,3,15659568,15497663,10090,17,25023619,25097568
7955,3,53861665,53754194,10090,17,32333219,32421068
7955,3,12341756,12119123,10090,5,139452925,139605706
7955,3,41709743,41921651,10090,5,140895259,141091499
7955,3,41701020,41570755,10090,5,141235898,141476550
7955,3,40927744,40402236,10090,5,142877451,143204062
7955,3,32493809,32678009,10090,7,52232128,52347583
7955,3,32235513,32062085,10090,7,52397210,52651017
7955,3,26493017,26672030,10090,7,124524493,125259661
7955,3,31256010,31393725,10090,7,125262404,125635489
7955,3,44985468,45283720,10090,7,128535810,128850767
7955,3,35091026,35506490,10090,7,129432639,130146086
7955,3,18497562,18308949,10090,7,130358380,130513429
7955,3,44791438,44579435,10090,7,131126695,131540976
7955,3,14689988,15091707,10090,7,133245232,133540251
7955,3,14663157,14296005,10090,8,87231498,87359381
7955,3,55088977,54129125,10090,9,20472430,20678751
7955,3,48319132,48423826,10090,9,21229389,21314630
7955,15,34548758,34452669,10090,1,82721493,82892850
7955,15,41208607,41127903,10090,10,48819269,49508560
7955,15,24698329,24545264,10090,11,74462997,74632194
7955,15,25025074,24730600,10090,11,74978067,75284147
7955,15,24091147,24453227,10090,11,75492812,75841284
7955,15,15197812,15342661,10090,11,76033897,76212643
7955,15,28026538,27782836,10090,11,76759158,77321276
7955,15,27479375,27557810,10090,11,78171790,78315827
7955,15,29682478,29538373,10090,11,78380670,78510927
7955,15,15031978,14805272,10090,11,83664371,83943070
7955,15,23172386,23296374,10090,11,84797990,85048622
7955,15,26276832,26871275,10090,11,85166666,86014695
7955,15,16359213,15905398,10090,11,86508155,86887639
7955,15,29731044,30154902,10090,11,88017920,88725900
7955,15,33887075,33724974,10090,12,36883711,37906115
7955,15,8267483,8383539,10090,14,61403403,61665692
7955,15,44761322,44255204,10090,16,20279893,20663487
7955,15,35584413,35496734,10090,16,26957321,27351295
7955,15,8225793,7776634,10090,16,66655666,67621153
7955,15,37470985,37793435,10090,16,72663394,73046345
7955,15,37843664,38213653,10090,16,73892551,74411157
7955,15,5722806,5862874,10090,16,96213699,96450540
7955,15,33230655,33133895,10090,3,53960026,54194954
7955,15,3791371,3908970,10090,3,58592325,58934546
7955,15,2171409,2404741,10090,3,66777188,67162325
7955,15,1163682,1682410,10090,3,67234037,69663818
7955,15,15891615,15544189,10090,5,130731489,131783392
7955,15,30849857,30979104,10090,5,150331254,150565174
7955,15,8469260,8935293,10090,7,17038128,17334639
7955,15,23045817,22905419,10090,7,19967388,20043843
7955,15,42739303,42572519,10090,7,93867486,94641921
7955,15,10462312,10338952,10090,7,99890224,100083091
7955,15,10534565,10987829,10090,7,103359147,104057064
7955,15,21632389,21818064,10090,7,104100037,104457461
7955,15,28742854,28830928,10090,7,106530059,106609494
7955,15,5291143,4816584,10090,7,106683996,107309441
7955,15,46375614,46459474,10090,7,108812282,108986740
7955,15,36878450,36994662,10090,7,109259780,109585374
7955,15,43269787,43357064,10090,9,3532354,4386870
7955,15,43995885,44070099,10090,9,6928503,7177046
7955,15,22541130,22281048,10090,9,42328519,42752454
7955,15,22712066,22553765,10090,9,43918864,44055389
7955,15,13143287,13391983,10090,9,45178268,45561796
7955,15,14020,541029,10090,9,45646612,45737806
7955,15,4356800,4286779,10090,9,96096694,96224065
7955,15,6876278,6985848,10090,9,98489149,98858545
7955,18,44804362,45172139,10090,1,83252356,84692796
7955,18,39651287,39566755,10090,1,84717764,84897061
7955,18,15006364,14847601,10090,10,84085182,84580492
7955,18,15985822,15810942,10090,10,101974856,102882011
7955,18,20297238,20926085,10090,19,3259076,3894367
7955,18,8044510,7832205,10090,2,4073909,4831603
7955,18,27762072,27520374,10090,2,93041917,93303103
7955,18,36654105,36733954,10090,2,103561416,103822035
7955,18,44175931,44059351,10090,2,104430641,104857184
7955,18,26402295,26794439,10090,2,121371265,122353776
7955,18,232475,114480,10090,2,126419404,126701997
7955,18,32213382,32469977,10090,3,63500156,63909380
7955,18,32590027,33151759,10090,3,64913565,65635084
7955,18,39866799,39654315,10090,3,65750073,66100741
7955,18,4099246,4343028,10090,3,74841829,75446445
7955,18,8836996,9030612,10090,5,13399309,14256689
7955,18,11913498,12306635,10090,6,38647839,39068348
7955,18,2845983,2936219,10090,6,40578830,40719122
7955,18,15787756,15148083,10090,6,145811257,146980545
7955,18,35122766,35347130,10090,7,28338314,28459617
7955,18,33835785,33988555,10090,7,29788359,29910170
7955,18,35541561,35459810,10090,7,30105397,30290479
7955,18,1163166,1091675,10090,7,35697426,35829727
7955,18,36525388,36274249,10090,7,62090615,62524258
7955,18,23136781,22974581,10090,7,74378710,74517744
7955,18,23236812,23144948,10090,7,79222716,79451481
7955,18,24703309,24835541,10090,7,80520406,81158568
7955,18,47348428,47234285,10090,7,104599844,104886757
7955,18,28692902,28377351,10090,7,120909512,121186889
7955,18,18306965,18065201,10090,8,89147942,89409157
7955,18,17654232,17445716,10090,8,90185709,90483494
7955,18,22574176,22756366,10090,8,96334738,96493288
7955,18,17175751,17411013,10090,8,96591854,97184176
7955,18,18332810,18411793,10090,8,113334392,113496397
7955,18,22468784,22196762,10090,8,114234374,114378210
7955,18,12725632,13603724,10090,8,120022191,121847348
7955,18,21189523,21465766,10090,8,121970619,122082661
7955,18,30386018,30795304,10090,8,123012766,123610779
7955,18,17058470,16739155,10090,8,124806041,124941260
7955,18,35623601,35768786,10090,9,7931999,8134294
7955,18,40542327,40799971,10090,9,9660891,10904775
7955,18,47204028,46992369,10090,9,32122368,32348953
7955,18,43264513,42454187,10090,9,35018788,35315237
7955,18,42394808,42248104,10090,9,44307219,44494387
7955,18,38086946,38166868,10090,9,54134293,54349433
7955,18,26922251,26843680,10090,9,55889652,56008877
7955,18,48982842,49378188,10090,9,58135530,58402840
7955,18,19762220,18762788,10090,9,62985971,64869524
7955,18,37192312,37623547,10090,9,74709728,75257821
7955,18,25909951,26215014,10090,9,89623087,89970933
7955,25,18922771,18813588,10090,10,98569805,98730123
7955,25,1608794,1726589,10090,10,121885555,122513561
7955,25,22414498,22199191,10090,12,41041633,41573082
7955,25,22163100,21968646,10090,12,42729751,43056573
7955,25,1944404,2194705,10090,15,85365867,85637281
7955,25,36960774,36690552,10090,15,90317912,91646555
7955,25,29535480,29463693,10090,2,90585527,90656388
7955,25,31289294,31120677,10090,2,93795967,94278304
7955,25,25341381,25446570,10090,2,103406467,103558580
7955,25,15847115,15765492,10090,2,103983230,104250491
7955,25,33294174,33378850,10090,2,125388824,125810034
7955,25,19201905,19378461,10090,5,20930721,21168410
7955,25,18962363,19166341,10090,6,17015149,17523980
7955,25,29199696,28402836,10090,6,23022173,24841958
7955,25,28077736,27789739,10090,6,27225121,28084369
7955,25,2485406,2602209,10090,6,39412377,39538768
7955,25,17143349,17344060,10090,6,126826217,127101066
7955,25,23578202,23367293,10090,7,53352532,53493860
7955,25,8349903,8465457,10090,7,53698529,53966021
7955,25,24904411,24985784,10090,7,54178586,54310146
7955,25,12146305,12538846,10090,7,85337000,85722724
7955,25,11194422,11006580,10090,7,86966689,87065526
7955,25,16198775,16414596,10090,7,114514304,114901510
7955,25,18312349,18178262,10090,7,118615175,118923491
7955,25,26124403,26416361,10090,7,148375833,148452300
7955,25,4066578,4749750,10090,7,148524901,148629254
7955,25,3924389,3844588,10090,7,148646993,148725756
7955,25,23586367,23775835,10090,7,149194458,149276175
7955,25,24500849,24797839,10090,7,149719022,150085871
7955,25,13838094,13922722,10090,8,114060540,114154222
7955,25,38098061,37754217,10090,8,116963552,117876612
7955,25,13552853,13228462,10090,8,124114368,124353469
7955,25,31450247,31540219,10090,8,124474433,124553158
7955,25,38470979,38154335,10090,8,125792144,126039355
7955,25,26531832,27049445,10090,9,54393159,54509692
7955,25,33782686,33509617,10090,9,55174756,55785922
7955,25,6834347,6703052,10090,9,56765007,56976175
7955,25,23020028,23362472,10090,9,57862824,58052126
7955,25,30304175,30195791,10090,9,58430047,58708762
7955,25,829991,654474,10090,9,65539390,65675371
7955,25,33875039,33948552,10090,9,66803200,66897020
7955,25,34896405,35354505,10090,9,68501609,69885895
7955,21,15622183,15769936,10090,10,74523641,74647668
7955,21,35787511,35892472,10090,11,35652680,35793591
7955,21,30773945,30577048,10090,11,35820171,36757745
7955,21,40880158,40682734,10090,11,41723697,41996432
7955,21,28791413,28621618,10090,11,43409614,43649834
7955,21,34610688,34811745,10090,11,46792285,47192804
7955,21,31203896,31116462,10090,11,49607657,49699923
7955,21,31448082,31280259,10090,11,50415587,50617551
7955,21,44350023,43897577,10090,11,51505765,52202898
7955,21,43393389,43576306,10090,11,52578208,53000849
7955,21,41578284,42207271,10090,11,53138191,53882519
7955,21,38709142,38540365,10090,11,71861030,71949391
7955,21,29783354,29906957,10090,11,74196985,74403660
7955,21,35903084,36433965,10090,13,54676374,55236432
7955,21,9991040,10244529,10090,13,74831734,76081272
7955,21,190185,291612,10090,13,94204157,94407713
7955,21,7484927,7708956,10090,13,95558898,96145289
7955,21,18476692,18656261,10090,13,119503506,120197945
7955,21,21282566,21380199,10090,15,9001009,9395790
7955,21,10447805,10690751,10090,18,25285724,25912484
7955,21,28835478,28998110,10090,18,35774258,35862798
7955,21,27949110,28123644,10090,18,36177303,36447899
7955,21,39665220,40335444,10090,18,42338329,43219125
7955,21,41376468,41471142,10090,18,43483881,43847427
7955,21,2926423,3024155,10090,18,63868349,64149414
7955,21,2124008,1970767,10090,18,64414013,64648720
7955,21,3870406,3951657,10090,18,64688633,64820654
7955,21,9615832,9427275,10090,18,65047410,65377480
7955,21,21672413,21508888,10090,18,74442754,74931131
7955,21,3865025,3658167,10090,18,75178426,75555588
7955,21,26799367,26697193,10090,19,4861223,5388703
7955,21,27833990,27030682,10090,19,6400583,6533217
7955,21,12583324,13018071,10090,2,24461895,25430391
7955,21,16536263,16704366,10090,2,27119155,27282345
7955,21,11352601,11427049,10090,2,29821080,29904399
7955,21,4514373,4864663,10090,2,30093289,30199782
7955,21,12121525,12001545,10090,2,32643127,32780773
7955,21,7970316,7841700,10090,2,37654510,38499426
7955,21,28352866,28470214,10090,3,136333734,136598743
7955,21,10444308,10269250,10090,4,40980107,41140403
7955,21,537753,627702,10090,4,54960817,55545347
7955,21,12185677,12376504,10090,4,63075944,63156985
7955,21,41369146,41296975,10090,5,37838064,38108392
7955,21,8382147,8909627,10090,5,102910410,104027380
7955,21,13485520,13094147,10090,5,130007106,130114086
7955,21,25182014,25084267,10090,5,135408243,135488045
7955,21,14553668,14689082,10090,8,29757189,30330108
7955,21,18948393,18744334,10090,8,35870664,36451193
7955,21,21034381,20858542,10090,9,4417893,4796234
7955,21,21927399,21855228,10090,9,8544142,9239013
7955,21,24524773,23816199,10090,9,31233781,32072084
7955,21,23230900,23690148,10090,9,47338435,47661468
7955,21,22452636,23024637,10090,9,48462402,49607174
7955,21,33624080,33330273,10090,X,110411865,110949995
7955,21,36996647,37074209,10090,X,149672588,149830677
7955,17,11364046,12113351,10090,1,180336012,181734146
7955,17,29936446,29404699,10090,1,189821738,190831719
7955,17,32867800,33069008,10090,1,191031809,191994559
7955,17,25519188,25673259,10090,1,194014754,194597413
7955,17,25417894,25323367,10090,10,43593996,43724652
7955,17,20680032,20530828,10090,10,68996456,69490184
7955,17,24303433,23892190,10090,11,21472284,22760336
7955,17,37381714,37108388,10090,12,3365132,3914443
7955,17,33432713,33509807,10090,12,3954951,4110602
7955,17,4619797,4274652,10090,12,5084271,5382488
7955,17,30763199,30898528,10090,12,7984483,8308760
7955,17,52208739,52283858,10090,12,17355299,17558308
7955,17,35264154,35445893,10090,12,21117617,21379452
7955,17,35220369,34973069,10090,12,25516464,25780957
7955,17,35454661,35620916,10090,12,26991662,27164702
7955,17,52045292,52138008,10090,12,30622901,30702523
7955,17,3426394,3138285,10090,12,30739526,31058240
7955,17,29027721,28687514,10090,12,51442218,53072308
7955,17,31776304,31856475,10090,12,53098494,53668839
7955,17,8833927,9112323,10090,12,53800370,54252002
7955,17,9776762,9890018,10090,12,55279968,55963864
7955,17,12890046,12616991,10090,12,56225515,56970722
7955,17,38475897,38197845,10090,12,57429293,58298459
7955,17,10280426,10353963,10090,12,58641618,59317023
7955,17,13528900,13643946,10090,12,62625619,62946245
7955,17,28623180,28453395,10090,12,67572169,68322190
7955,17,45901747,45806852,10090,12,70473137,70684015
7955,17,11281925,11040220,10090,12,72116954,72344290
7955,17,51747365,51648282,10090,12,85029513,85133332
7955,17,37528477,37455364,10090,12,85490118,85656782
7955,17,52432363,52916658,10090,12,87087489,87862578
7955,17,44935517,45317816,10090,12,88324331,88541179
7955,17,17686271,17592891,10090,12,88648839,88790874
7955,17,17589275,16714628,10090,12,89599245,91976878
7955,17,43084250,43331690,10090,12,100024814,100139694
7955,17,16374305,16190067,10090,12,100955741,101193429
7955,17,26532503,26453682,10090,12,101538980,101759032
7955,17,38946420,38770786,10090,12,102017333,102267193
7955,17,39054897,38951880,10090,12,103367629,103504959
7955,17,19173168,19293506,10090,12,105709419,105990162
7955,17,15818471,15740336,10090,12,106168159,106248019
7955,17,244981,159118,10090,12,111839605,112033238
7955,17,29370945,29286612,10090,12,112127474,112505359
7955,17,19844190,19974069,10090,13,11645370,12432999
7955,17,1967255,1799255,10090,13,118391127,118769835
7955,17,14717975,14625514,10090,14,20570479,20643045
7955,17,25698367,26203772,10090,14,35487114,36394301
7955,17,51317868,51231995,10090,14,46078467,46149740
7955,17,43973117,44631348,10090,14,48283431,50145512
7955,17,16034467,16165798,10090,14,65271368,65568684
7955,17,49282946,49436249,10090,17,3326573,3557713
7955,17,27562656,27404135,10090,17,10595878,11033057
7955,17,5325556,4828949,10090,17,44325521,45570656
7955,17,49048646,48901311,10090,17,49595347,50049172
7955,17,22407636,23051380,10090,17,74888854,75951286
7955,17,39351926,39096793,10090,17,78599588,78775932
7955,17,42440745,42698178,10090,17,79348745,79489583
7955,17,22330771,22211263,10090,17,81772445,82137717
7955,17,20260330,20154081,10090,19,48280515,48879995
7955,17,21125147,21271479,10090,19,59017915,59244519
7955,17,23611695,23724511,10090,19,59335368,59420270
7955,17,53552397,53347195,10090,2,115407452,115890794
7955,17,31420024,31264269,10090,2,118687736,118867934
7955,17,29183598,29275923,10090,2,119867830,119980311
7955,17,40037023,39957939,10090,2,120686008,120796451
7955,17,41579658,42212983,10090,2,146047733,146911081
7955,17,20893556,21030458,10090,2,150506438,150730467
7955,17,15586722,15661540,10090,4,32687840,33109155
7955,17,24697650,25224170,10090,4,129030876,129250885
7955,17,6319977,5625224,10090,5,31338409,31629675
7955,17,41019089,41423509,10090,5,31816942,32387112
7955,17,32737692,32813276,10090,6,81873663,82043093
7955,17,21652213,21377728,10090,7,138532163,139508838
7955,17,32538624,32154624,10090,7,141074882,142130113
7955,17,50299665,50509536,10090,9,79446798,79607660
7955,17,36985694,36794857,10090,9,80012841,80252614
7955,4,8244230,8099553,10090,10,82448242,82996885
7955,4,16378371,16880299,10090,10,87321801,88145768
7955,4,17349087,16911901,10090,10,89207736,90545488
7955,4,25103674,24843244,10090,10,93321234,94053699
7955,4,17351306,17484943,10090,10,94253611,94786731
7955,4,15474908,15388932,10090,10,96942134,97144534
7955,4,21143561,20259506,10090,10,105907395,107851447
7955,4,19922502,19748687,10090,10,109120495,109437275
7955,4,2416355,2119924,10090,10,110182521,111425486
7955,4,22694882,22053247,10090,10,117066556,117183414
7955,4,12632040,12035774,10090,10,117578843,119661953
7955,4,11846658,12021242,10090,10,119798331,120537698
7955,4,4382768,4464998,10090,10,120802146,120913306
7955,4,8422167,8351360,10090,10,121176993,121484249
7955,4,12690416,12792854,10090,12,45370141,45702833
7955,4,10528789,10645305,10090,13,3537321,3917466
7955,4,27663973,26924917,10090,15,85709757,86328933
7955,4,13253106,13394271,10090,15,94353071,95359137
7955,4,1543402,1459355,10090,15,96117953,96530129
7955,4,7207470,7050536,10090,2,4941688,5789782
7955,4,22809614,22708299,10090,2,6243803,6364866
7955,4,22824239,22899509,10090,2,6460740,7317825
7955,4,24141643,24445611,10090,2,9778705,10516787
7955,4,8674911,8752655,10090,5,9100737,9480717
7955,4,21515392,21606977,10090,5,17080634,17394777
7955,4,22018675,21694608,10090,5,18732864,20210610
7955,4,584488,444235,10090,5,31014268,31209039
7955,4,6028423,5733311,10090,6,14851349,15752169
7955,4,9431133,9777364,10090,6,21166109,22248522
7955,4,19004007,18031992,10090,6,28366603,29162271
7955,4,4965440,4846233,10090,6,29718443,29909681
7955,4,14169038,14055823,10090,6,29997988,30341010
7955,4,14286285,14906080,10090,6,32094543,34084034
7955,4,1202884,1280268,10090,6,36473170,36761361
7955,4,11139564,11294671,10090,6,39553236,40198352
7955,4,19410648,19173979,10090,6,118542314,119302425
7955,4,7451998,7590406,10090,6,119303168,119494365
7955,4,5113375,5721186,10090,6,120745262,121220935
7955,4,26066491,25884755,10090,6,121322951,121423696
7955,4,4107468,4312017,10090,6,125410284,126116762
7955,4,11830942,11680593,10090,6,137703098,138530489
7955,4,2816337,2546195,10090,6,140571184,141518698
7955,4,15954001,16124080,10090,6,143115750,144158078
7955,4,8532028,8432321,10090,6,148180952,148779989
7955,4,15683210,15775125,10090,6,148791034,149050202
